paperID,imageID,size,uncertainty
,2007T07,,1
2007T07,10.1109@TVCG.2007.70583,,5
10.1109@TVCG.2007.70583,10.1109@TVCG.2007.70583_05_01_T07.jpg,5018112,1
10.1109@TVCG.2007.70583,10.1109@TVCG.2007.70583_05_02_T07.jpg,759801,1
10.1109@TVCG.2007.70583,10.1109@TVCG.2007.70583_05_03_T07.jpg,779058,1
10.1109@TVCG.2007.70583,10.1109@TVCG.2007.70583_05_04_T07.jpg,742560,1
10.1109@TVCG.2007.70583,10.1109@TVCG.2007.70583_05_05_T07.jpg,1133568,1
