paperID,imageID,size,uncertainty
,2007T12,,1
2007T12,10.1109@VAST.2007.4388997,,5
10.1109@VAST.2007.4388997,10.1109@VAST.2007.4388997_05_01_T12.jpg,1294848,5.068484e+00
10.1109@VAST.2007.4388997,10.1109@VAST.2007.4388997_05_02_T12.jpg,140649,4.443299e+00
10.1109@VAST.2007.4388997,10.1109@VAST.2007.4388997_05_03_T12.jpg,145524,6.660561e+00
10.1109@VAST.2007.4388997,10.1109@VAST.2007.4388997_05_04_T12.jpg,2440935,3.697007e+00
10.1109@VAST.2007.4388997,10.1109@VAST.2007.4388997_05_05_T12.jpg,1308216,4.351565e+00
