paperID,imageID,size,uncertainty
,2007T07,,1
2007T07,10.1109@TVCG.2007.70583,,5
10.1109@TVCG.2007.70583,10.1109@TVCG.2007.70583_05_01_T07.jpg,5018112,5.810968e+00
10.1109@TVCG.2007.70583,10.1109@TVCG.2007.70583_05_02_T07.jpg,759801,2.646763e+00
10.1109@TVCG.2007.70583,10.1109@TVCG.2007.70583_05_03_T07.jpg,779058,1.956756e+00
10.1109@TVCG.2007.70583,10.1109@TVCG.2007.70583_05_04_T07.jpg,742560,2.197421e+00
10.1109@TVCG.2007.70583,10.1109@TVCG.2007.70583_05_05_T07.jpg,1133568,3.038504e+00
