paperID,imageID,size,uncertainty
,2012T14,,1
2012T14,10.1109@TVCG.2012.216,,7
10.1109@TVCG.2012.216,10.1109@TVCG.2012.216_07_01_T14.jpg,3013920,5.309718e+00
10.1109@TVCG.2012.216,10.1109@TVCG.2012.216_07_02_T14.jpg,776475,6.432057e+00
10.1109@TVCG.2012.216,10.1109@TVCG.2012.216_07_03_T14.jpg,1247616,2.316025e+00
10.1109@TVCG.2012.216,10.1109@TVCG.2012.216_07_04_T14.jpg,652380,3.184157e+00
10.1109@TVCG.2012.216,10.1109@TVCG.2012.216_07_05_T14.jpg,514350,4.519235e+00
10.1109@TVCG.2012.216,10.1109@TVCG.2012.216_07_06_T14.jpg,2973834,1.174971e+00
10.1109@TVCG.2012.216,10.1109@TVCG.2012.216_07_07_T14.jpg,5046606,1.966683e+00
